Model,Test_RMSE,Test_R2,Test_MAE
RandomForest,2900.9948994335577,-6.273223409434584,2694.4646620061762
XGBoost,2901.0031023768315,-6.273264408111572,2694.478759765625
DecisionTree,2901.00592168683,-6.2732786783789285,2694.4652202415923
Ridge,2901.214056218534,-6.274322032928467,2694.623779296875
LinearRegression,2901.227498835622,-6.274389266967773,2694.662841796875
LGBM,2901.2432878731356,-6.274468955888488,2694.46153846976
MLP,2901.337967214437,-6.274943828582764,2694.60546875
