Model,Test_RMSE,Test_R2,Test_MAE
LinearRegression,3080.4399036501263,-5.853862762451172,2847.196044921875
Ridge,3080.4399036501263,-5.853862762451172,2847.196044921875
MLP,3080.441039851274,-5.853868007659912,2847.196533203125
RandomForest,3080.44588850221,-5.853889130862957,2847.1964471729125
DecisionTree,3080.4598499059944,-5.853951258317202,2847.194774606461
LGBM,3080.4734930465283,-5.854011969790073,2847.1956953780264
XGBoost,3080.475450316071,-5.854020595550537,2847.19580078125
